context;question;answer;answer_start
"ABC Corp is a global technology company that specializes in providing innovative solutions to customers."; "What does ABC Corp do?"; "ABC Corp is a global technology company that specializes in providing innovative solutions to customers.";0
"ABC Corp was founded in 1998."; "When was ABC Corp founded?"; "ABC Corp was founded in 1998.";0
"The current CEO of ABC Corp is John Smith."; "Who is the CEO of ABC Corp?"; "The current CEO of ABC Corp is John Smith.";0
"ABC Corp has departments in engineering, marketing, sales, finance, and customer service."; "What departments are there at ABC Corp?"; "ABC Corp has departments in engineering, marketing, sales, finance, and customer service.";0
"The engineering department at ABC Corp is run by Mary Jones."; "Who runs the engineering department at ABC Corp?"; "The engineering department at ABC Corp is run by Mary Jones.";0
"ABC Corp offers a wide range of services, including software development, cloud computing, data analytics, and artificial intelligence."; "What services does ABC Corp offer?"; "ABC Corp offers a wide range of services, including software development, cloud computing, data analytics, and artificial intelligence.";0
"ABC Corp's mission is to provide innovative solutions that help customers succeed."; "What is ABC Corp's mission statement?"; "ABC Corp's mission is to provide innovative solutions that help customers succeed.";0
"ABC Corp uses cutting-edge technology such as machine learning, natural language processing, and artificial intelligence."; "What type of technology does ABC Corp use?"; "ABC Corp uses cutting-edge technology such as machine learning, natural language processing, and artificial intelligence.";0
"ABC Corp is headquartered in San Francisco, California."; "Where is ABC Corp headquartered?"; "ABC Corp is headquartered in San Francisco, California.";0
"ABC Corp serves a variety of industries, including healthcare, finance, retail, and education."; "What industries does ABC Corp serve?"; "ABC Corp serves a variety of industries, including healthcare, finance, retail, and education.";0
"ABC Corp offers a range of products, including software applications, cloud services, and data analytics solutions."; "What products does ABC Corp offer?"; "ABC Corp offers a range of products, including software applications, cloud services, and data analytics solutions.";0
"Yes, ABC Corp has offices in several countries around the world, including the United Kingdom, India, and Japan."; "Does ABC Corp have any international offices?"; "Yes, ABC Corp has offices in several countries around the world, including the United Kingdom, India, and Japan.";0
"The head of marketing at ABC Corp is Jane Doe."; "Who is the head of marketing at ABC Corp?"; "The head of marketing at ABC Corp is Jane Doe.";0
"ABC Corp provides 24/7 customer support via phone, email, and live chat."; "What type of customer support does ABC Corp provide?"; "ABC Corp provides 24/7 customer support via phone, email, and live chat.";0
"Yes, ABC Corp offers a variety of training programs for customers and partners."; "Does ABC Corp offer any training programs?"; "Yes, ABC Corp offers a variety of training programs for customers and partners.";0
"Yes, ABC Corp has strategic partnerships with several leading technology companies."; "Does ABC Corp have any partnerships?"; "Yes, ABC Corp has strategic partnerships with several leading technology companies.";0
"ABC Corp has won numerous awards for its innovative products and services, including the Best Technology Company Award from the International Business Awards."; "What awards has ABC Corp won?"; "ABC Corp has won numerous awards for its innovative products and services, including the Best Technology Company Award from the International Business Awards.";0
"Yes, ABC Corp is always looking for talented individuals to join its team."; "Does ABC Corp have any open job positions?"; "Yes, ABC Corp is always looking for talented individuals to join its team.";0
"ABC Corp is committed to reducing its environmental impact and promoting sustainability through its operations and products."; "What is ABC Corp's commitment to sustainability?"; "ABC Corp is committed to reducing its environmental impact and promoting sustainability through its operations and products.";0
"Yes, ABC Corp has several philanthropic initiatives that focus on providing access to education and technology for underserved communities."; "Does ABC Corp have any philanthropic initiatives?"; "Yes, ABC Corp has several philanthropic initiatives that focus on providing access to education and technology for underserved communities.";0
"ABC Corp believes in leveraging the latest technology and trends to create innovative products and services that meet customer needs."; "What is ABC Corp's approach to innovation?"; "ABC Corp believes in leveraging the latest technology and trends to create innovative products and services that meet customer needs.";0
"Yes, ABC Corp has several research and development initiatives that focus on developing new technology and products."; "Does ABC Corp have any research and development initiatives?"; "Yes, ABC Corp has several research and development initiatives that focus on developing new technology and products.";0
"ABC Corp is committed to providing excellent customer service and strives to respond to all inquiries in a timely manner."; "What is ABC Corp's customer service policy?"; "ABC Corp is committed to providing excellent customer service and strives to respond to all inquiries in a timely manner.";0
"ABC Corp takes the privacy of its customers seriously and has a comprehensive privacy policy that outlines how customer data is collected, used, and stored."; "What is ABC Corp's privacy policy?"; "ABC Corp takes the privacy of its customers seriously and has a comprehensive privacy policy that outlines how customer data is collected, used, and stored.";0
"Yes, ABC Corp has several industry-standard certifications that demonstrate its commitment to quality and security."; "Does ABC Corp have any certifications?"; "Yes, ABC Corp has several industry-standard certifications that demonstrate its commitment to quality and security.";0
"ABC Corp offers a 30-day return policy for all products purchased directly from the company."; "What is ABC Corp's return policy?"; "ABC Corp offers a 30-day return policy for all products purchased directly from the company.";0
"ABC Corp's main office is located in San Francisco, but it has satellite offices in New York, London, and Tokyo."; "Where are ABC Corp's offices located?"; "ABC Corp's main office is located in San Francisco, but it has satellite offices in New York, London, and Tokyo.";0
"ABC Corp has a dedicated team of professionals to handle any customer complaints and issues."; "How does ABC Corp handle customer complaints?"; "ABC Corp has a dedicated team of professionals to handle any customer complaints and issues.";0
"ABC Corp is a public company and its shares are traded on the New York Stock Exchange."; "Where are ABC Corp's shares traded?"; "ABC Corp's shares are traded on the New York Stock Exchange.";0
"ABC Corp is constantly working on new technologies and innovations in the field of software development."; "What is ABC Corp currently working on?"; "ABC Corp is constantly working on new technologies and innovations in the field of software development.";0
"ABC Corp values diversity and inclusion and has policies in place to ensure a fair and inclusive workplace."; "What are ABC Corp's policies on diversity and inclusion?"; "ABC Corp values diversity and inclusion and has policies in place to ensure a fair and inclusive workplace.";0
"ABC Corp's annual revenue for the last fiscal year was $10 billion."; "What was ABC Corp's annual revenue for the last fiscal year?"; "ABC Corp's annual revenue for the last fiscal year was $10 billion.";0
"ABC Corp is a Fortune 500 company."; "Is ABC Corp a Fortune 500 company?"; "Yes, ABC Corp is a Fortune 500 company.";0
"ABC Corp's products are used by millions of customers worldwide."; "How many customers use ABC Corp's products?"; "ABC Corp's products are used by millions of customers worldwide.";0
"ABC Corp's main competitors are DEF Inc and GHI Ltd."; "Who are ABC Corp's main competitors?"; "ABC Corp's main competitors are DEF Inc and GHI Ltd.";0
"ABC Corp invests heavily in research and development."; "Does ABC Corp invest in research and development?"; "Yes, ABC Corp invests heavily in research and development.";4
"ABC Corp's board of directors includes some of the industry's leading figures."; "Who are on the board of directors of ABC Corp?"; "ABC Corp's board of directors includes some of the industry's leading figures.";0
"ABC Corp's employees are offered a range of benefits including health insurance, retirement plans, and paid time off."; "What benefits does ABC Corp offer its employees?"; "ABC Corp's employees are offered a range of benefits including health insurance, retirement plans, and paid time off.";0
"ABC Corp's stocks have performed well in the past year."; "How have ABC Corp's stocks performed in the past year?"; "ABC Corp's stocks have performed well in the past year.";0
"ABC Corp is committed to the professional development of its employees and offers numerous training and learning opportunities."; "What opportunities for professional development does ABC Corp offer its employees?"; "ABC Corp is committed to the professional development of its employees and offers numerous training and learning opportunities.";0
"ABC Corp has been recognized as a top employer in the technology sector."; "Has ABC Corp received any recognition as an employer?"; "Yes, ABC Corp has been recognized as a top employer in the technology sector.";0
"ABC Corp's corporate culture values innovation, teamwork, and integrity."; "What is ABC Corp's corporate culture?"; "ABC Corp's corporate culture values innovation, teamwork, and integrity.";0
"ABC Corp has a strong commitment to corporate social responsibility."; "What is ABC Corp's stance on corporate social responsibility?"; "ABC Corp has a strong commitment to corporate social responsibility.";0
"ABC Corp is planning to launch a new software product next quarter."; "What is ABC Corp's next product launch?"; "ABC Corp is planning to launch a new software product next quarter.";0
"ABC Corp's main office is located in a state-of-the-art building in downtown San Francisco."; "Where is ABC Corp's main office located?"; "ABC Corp's main office is located in a state-of-the-art building in downtown San Francisco.";0
"ABC Corp has a global presence with offices in over 30 countries."; "Does ABC Corp have a global presence?"; "Yes, ABC Corp has a global presence with offices in over 30 countries.";0
"ABC Corp's latest software product has been well received by the market."; "How has ABC Corp's latest software product been received by the market?"; "ABC Corp's latest software product has been well received by the market.";0
"ABC Corp's main products include software solutions, cloud services, and AI technology."; "What are ABC Corp's main products?"; "ABC Corp's main products include software solutions, cloud services, and AI technology.";0
"ABC Corp's main source of revenue comes from its software solutions."; "What is ABC Corp's main source of revenue?"; "ABC Corp's main source of revenue comes from its software solutions.";0
"ABC Corp's software is used by many Fortune 500 companies."; "Who uses ABC Corp's software?"; "ABC Corp's software is used by many Fortune 500 companies.";0
"ABC Corp was named one of the best places to work in the tech industry."; "Has ABC Corp received any workplace awards?"; "Yes, ABC Corp was named one of the best places to work in the tech industry.";0
"ABC Corp's research and development team is always working on new, innovative products."; "What is ABC Corp's research and development team working on?"; "ABC Corp's research and development team is always working on new, innovative products.";0
"ABC Corp places a strong emphasis on work-life balance for its employees."; "What is ABC Corp's stance on work-life balance?"; "ABC Corp places a strong emphasis on work-life balance for its employees.";0
"ABC Corp has a strong track record of financial stability and growth."; "What is ABC Corp's financial track record?"; "ABC Corp has a strong track record of financial stability and growth.";0
"ABC Corp's stock has consistently outperformed the market over the past five years."; "How has ABC Corp's stock performed over the past five years?"; "ABC Corp's stock has consistently outperformed the market over the past five years.";0
"ABC Corp's software is designed with user-friendly interfaces and robust functionality."; "What are the features of ABC Corp's software?"; "ABC Corp's software is designed with user-friendly interfaces and robust functionality.";0
"ABC Corp's customer service team is available 24/7 to assist with any issues or questions."; "When is ABC Corp's customer service team available?"; "ABC Corp's customer service team is available 24/7 to assist with any issues or questions.";0
"ABC Corp offers competitive salaries and benefits to attract and retain top talent."; "What does ABC Corp offer to attract and retain employees?"; "ABC Corp offers competitive salaries and benefits to attract and retain top talent.";0
"ABC Corp has a diverse workforce with employees from many different backgrounds and cultures."; "What is the diversity of ABC Corp's workforce?"; "ABC Corp has a diverse workforce with employees from many different backgrounds and cultures.";0
"ABC Corp uses advanced data analytics to improve its products and services."; "What technology does ABC Corp use to improve its products and services?"; "ABC Corp uses advanced data analytics to improve its products and services.";0
"ABC Corp's products are known for their high quality and reliability."; "What is ABC Corp known for?"; "ABC Corp's products are known for their high quality and reliability.";0
"ABC Corp offers a variety of services including consulting, training, and technical support."; "What services does ABC Corp offer?"; "ABC Corp offers a variety of services including consulting, training, and technical support.";0
"ABC Corp has a strong culture of innovation and encourages employees to think outside the box."; "What is ABC Corp's culture like?"; "ABC Corp has a strong culture of innovation and encourages employees to think outside the box.";0
"ABC Corp's product development process involves rigorous testing and quality assurance."; "What is ABC Corp's product development process?"; "ABC Corp's product development process involves rigorous testing and quality assurance.";0
"ABC Corp's leadership team includes industry veterans with decades of experience."; "Who is in ABC Corp's leadership team?"; "ABC Corp's leadership team includes industry veterans with decades of experience.";0
"ABC Corp's success can be attributed to its commitment to innovation and customer satisfaction."; "What contributes to ABC Corp's success?"; "ABC Corp's success can be attributed to its commitment to innovation and customer satisfaction.";0
"ABC Corp has a dedicated team that handles corporate communications."; "Does ABC Corp have a corporate communications team?"; "Yes, ABC Corp has a dedicated team that handles corporate communications.";0
"ABC Corp's software products are used in a variety of industries including healthcare, finance, and education."; "In which industries are ABC Corp's software products used?"; "ABC Corp's software products are used in a variety of industries including healthcare, finance, and education.";0
"ABC Corp's main priority is customer satisfaction and they strive to exceed customer expectations."; "What is ABC Corp's main priority?"; "ABC Corp's main priority is customer satisfaction and they strive to exceed customer expectations.";0
"ABC Corp is known for its commitment to sustainability and has implemented several green initiatives."; "What is ABC Corp's stance on sustainability?"; "ABC Corp is known for its commitment to sustainability and has implemented several green initiatives.";0
"ABC Corp has a positive work environment and is committed to employee wellbeing."; "What is ABC Corp's work environment like?"; "ABC Corp has a positive work environment and is committed to employee wellbeing.";0
"ABC Corp's software solutions are customizable to meet the specific needs of each client."; "Are ABC Corp's software solutions customizable?"; "Yes, ABC Corp's software solutions are customizable to meet the specific needs of each client.";0
"ABC Corp's growth strategy involves expanding its product offerings and entering new markets."; "What is ABC Corp's growth strategy?"; "ABC Corp's growth strategy involves expanding its product offerings and entering new markets.";0
"ABC Corp's technology is protected by several patents."; "Is ABC Corp's technology patented?"; "Yes, ABC Corp's technology is protected by several patents.";0
"ABC Corp has a diverse customer base that includes small businesses, large corporations, and government agencies."; "Who are ABC Corp's customers?"; "ABC Corp has a diverse customer base that includes small businesses, large corporations, and government agencies.";0
"ABC Corp's employees are highly skilled and have a wide range of expertise."; "What is the skill level of ABC Corp's employees?"; "ABC Corp's employees are highly skilled and have a wide range of expertise.";0
"ABC Corp's mission is to provide innovative technology solutions that empower businesses and individuals."; "What is ABC Corp's mission?"; "ABC Corp's mission is to provide innovative technology solutions that empower businesses and individuals.";0
"ABC Corp has a strong commitment to ethical business practices."; "What is ABC Corp's stance on ethics?"; "ABC Corp has a strong commitment to ethical business practices.";0
"ABC Corp's software solutions are designed to be user-friendly and intuitive."; "How user-friendly are ABC Corp's software solutions?"; "ABC Corp's software solutions are designed to be user-friendly and intuitive.";0
"ABC Corp's technology has been recognized with several industry awards."; "Has ABC Corp's technology won any awards?"; "Yes, ABC Corp's technology has been recognized with several industry awards.";0
"ABC Corp's customer service team is highly trained to handle a wide range of issues."; "What is the level of training of ABC Corp's customer service team?"; "ABC Corp's customer service team is highly trained to handle a wide range of issues.";0
"ABC Corp has a comprehensive onboarding process for new employees."; "What is ABC Corp's onboarding process for new employees?"; "ABC Corp has a comprehensive onboarding process for new employees.";0
"ABC Corp has a history of strong financial performance and stability."; "What is ABC Corp's financial history?"; "ABC Corp has a history of strong financial performance and stability.";0
"ABC Corp's software is compatible with various operating systems."; "Is ABC Corp's software compatible with various operating systems?"; "Yes, ABC Corp's software is compatible with various operating systems.";0
"ABC Corp's software solutions are used by companies in over 50 countries."; "How widespread is the use of ABC Corp's software solutions?"; "ABC Corp's software solutions are used by companies in over 50 countries.";0
"ABC Corp has a dedicated team for quality assurance and testing."; "Does ABC Corp have a team for quality assurance and testing?"; "Yes, ABC Corp has a dedicated team for quality assurance and testing.";0
"ABC Corp's leadership team has a combined experience of over 100 years in the technology industry."; "What is the combined experience of ABC Corp's leadership team?"; "ABC Corp's leadership team has a combined experience of over 100 years in the technology industry.";0
"ABC Corp's products are known for their excellent customer support and after-sales service."; "What is ABC Corp known for in terms of customer service?"; "ABC Corp's products are known for their excellent customer support and after-sales service.";0
"ABC Corp's software solutions are designed to improve efficiency and productivity."; "What are the benefits of using ABC Corp's software solutions?"; "ABC Corp's software solutions are designed to improve efficiency and productivity.";0
"ABC Corp has a robust data security policy to protect customer information."; "What is ABC Corp's data security policy?"; "ABC Corp has a robust data security policy to protect customer information.";0
"ABC Corp's software solutions are designed to be scalable and can grow with the needs of the business."; "Are ABC Corp's software solutions scalable?"; "Yes, ABC Corp's software solutions are designed to be scalable and can grow with the needs of the business.";0
"ABC Corp's technology has been used to solve complex problems in various industries."; "What has ABC Corp's technology been used for?"; "ABC Corp's technology has been used to solve complex problems in various industries.";0
"ABC Corp offers a comprehensive training program for all new employees."; "What does ABC Corp offer to new employees?"; "ABC Corp offers a comprehensive training program for all new employees.";0
"ABC Corp has a diverse range of products that cater to various customer needs."; "What is the range of ABC Corp's products?"; "ABC Corp has a diverse range of products that cater to various customer needs.";0
"ABC Corp's customer service team is committed to resolving all customer issues in a timely and effective manner."; "What is the commitment of ABC Corp's customer service team?"; "ABC Corp's customer service team is committed to resolving all customer issues in a timely and effective manner.";0
"ABC Corp is a leader in its industry and has a reputation for innovation and quality."; "What is ABC Corp's reputation in its industry?"; "ABC Corp is a leader in its industry and has a reputation for innovation and quality.";0
"ABC Corp's employees are given opportunities for continuous learning and development."; "What opportunities are given to ABC Corp's employees?"; "ABC Corp's employees are given opportunities for continuous learning and development.";0
"ABC Corp values feedback from its customers and uses it to improve its products and services."; "How does ABC Corp use customer feedback?"; "ABC Corp values feedback from its customers and uses it to improve its products and services.";0
"ABC Corp's software solutions are used by a wide range of businesses, from startups to multinational corporations."; "Who uses ABC Corp's software solutions?"; "ABC Corp's software solutions are used by a wide range of businesses, from startups to multinational corporations.";0
"ABC Corp's products are backed by a warranty and comprehensive after-sales support."; "What support is available for ABC Corp's products?"; "ABC Corp's products are backed by a warranty and comprehensive after-sales support.";0
"ABC Corp is committed to environmental sustainability and incorporates eco-friendly practices in its operations."; "What is ABC Corp's commitment to environmental sustainability?"; "ABC Corp is committed to environmental sustainability and incorporates eco-friendly practices in its operations.";0




